{
  "method": "dpo",
  "trainable_params": 12156928,
  "total_params": 1815620608,
  "trainable_ratio_percent": 0.6695742462072781,
  "peak_memory_gb": 4.698201088,
  "training_time_hours": 0.03683873732884725,
  "inference_tokens_per_sec": 8.732818511026645
}