{
  "method": "prompt_tuning",
  "trainable_params": 61440,
  "total_params": 1803525120,
  "trainable_ratio_percent": 0.003406661727007163,
  "peak_memory_gb": 5.94158592,
  "training_time_hours": 0.31343353139029606,
  "inference_tokens_per_sec": 8.44415764269489
}